mode,epoch,train_loss,train_acc,val_loss,val_acc
scratch,1,1.168761112197997,0.34285714285714286,1.1550118272954768,0.3333333333333333
scratch,2,1.0864485566578215,0.4158730158730159,1.1201323306921758,0.3333333333333333
scratch,3,0.9943647594678969,0.5174603174603175,1.1650996190128904,0.3333333333333333
scratch,4,0.9059876513859583,0.5682539682539682,1.1888674642100479,0.3333333333333333
scratch,5,0.8565380647068932,0.5873015873015873,1.1680659236329975,0.3333333333333333
scratch,6,0.7930294324481298,0.638095238095238,1.80641795649673,0.3333333333333333
scratch,7,0.7286276366975573,0.6507936507936508,0.8753777561765729,0.5454545454545454
scratch,8,0.6910517807990786,0.6888888888888889,0.7835077227968158,0.6666666666666666
scratch,9,0.6474679354637388,0.7015873015873015,0.7562170028686523,0.6060606060606061
scratch,10,0.5213267040631128,0.780952380952381,1.0020949479305383,0.6060606060606061
feature_extraction,1,1.0993280690813823,0.4031746031746032,1.0720199996774846,0.3181818181818182
feature_extraction,2,0.9549870044466049,0.5047619047619047,0.9303048198873346,0.6060606060606061
feature_extraction,3,0.8602532481390333,0.6285714285714286,0.8066893418629965,0.7575757575757576
feature_extraction,4,0.7814800930401635,0.6793650793650794,0.7625321926492633,0.7424242424242424
feature_extraction,5,0.7685218515850248,0.6761904761904762,0.7062385425423131,0.7121212121212122
feature_extraction,6,0.7015461126963297,0.707936507936508,0.6726100011305376,0.7424242424242424
feature_extraction,7,0.657353314899263,0.7555555555555555,0.6468908714525627,0.7424242424242424
feature_extraction,8,0.6593605056641594,0.7142857142857143,0.6293575727578365,0.7575757575757576
feature_extraction,9,0.6352987556230454,0.7619047619047619,0.6022912950226755,0.7727272727272727
feature_extraction,10,0.6199566655688815,0.746031746031746,0.6096744591539557,0.803030303030303
fine_tuning,1,0.980407935097104,0.5174603174603175,0.8158899581793583,0.5757575757575758
fine_tuning,2,0.6806455706793164,0.6730158730158731,0.6507445971171061,0.6212121212121212
fine_tuning,3,0.48214839696884154,0.7936507936507936,0.47641321023305255,0.8484848484848485
fine_tuning,4,0.42235112379467676,0.8095238095238095,0.4447176113273158,0.7727272727272727
fine_tuning,5,0.3370280979171632,0.8634920634920635,0.38191283245881397,0.8787878787878788
fine_tuning,6,0.23772027478331612,0.9238095238095239,0.36565808884122153,0.8333333333333334
fine_tuning,7,0.1956957446440818,0.9396825396825397,0.39237560918836883,0.8484848484848485
fine_tuning,8,0.20742706978131856,0.9142857142857143,0.3620683794107401,0.8636363636363636
fine_tuning,9,0.16394376889580772,0.9333333333333333,0.32041702284054324,0.8939393939393939
fine_tuning,10,0.12441949378403407,0.9396825396825397,0.3131724868082639,0.8939393939393939
